dataset,seed,train_frac,budget,budget_value,model_type,trainable_params,total_params,tune_time,train_time,val_mse,test_mse,test_mae,test_r2
lorenz,42,0.5,small,1000,pyreco_standard,300,1450,60.22918128967285,1.8301591873168945,0.0014941637495672028,0.0011246687283782686,0.021440448268538994,0.9992978376921133
lorenz,42,0.5,small,1000,lstm,952,952,20.948457956314087,20.788372039794922,0.18478277204638383,0.1554260810220833,0.30193060077194067,0.9029631277170712
lorenz,42,0.5,medium,10000,pyreco_standard,900,10350,447.6846568584442,12.7616548538208,0.0011079797400831743,0.0005654631672003974,0.015675851947004608,0.9996469654463684
lorenz,42,0.5,medium,10000,lstm,10052,10052,32.11234998703003,31.996209859848022,0.13679311520666174,0.12152728750678282,0.2780235140914273,0.9241270975943161
lorenz,42,0.5,large,30000,pyreco_standard,1500,27250,1185.660264968872,33.702131032943726,0.000856548490505436,0.0003910876706167939,0.013249485878527199,0.9997558329715611
lorenz,42,0.5,large,30000,lstm,29939,29939,22.985130071640015,22.78664803504944,0.3349915828305783,0.2786090573440292,0.4299670453783478,0.8260565322333612
lorenz,42,0.5,small,1000,pyreco_standard,300,1450,56.520748138427734,1.7863421440124512,0.0014941637495672028,0.0011246687283782686,0.021440448268538994,0.9992978376921133
lorenz,42,0.5,small,1000,lstm,952,952,30.228533029556274,30.20719599723816,0.1941110689402728,0.19256568439140975,0.33049980463412276,0.8797758291305753
lorenz,42,0.5,medium,10000,pyreco_standard,900,10350,424.34166717529297,12.216208696365356,0.0011079797400831743,0.0005654631672003974,0.015675851947004608,0.9996469654463684
lorenz,42,0.5,medium,10000,lstm,10052,10052,35.9394748210907,35.84667491912842,0.17973845748663328,0.15978958253940687,0.3215428191779884,0.9002388710372498
lorenz,42,0.5,large,30000,pyreco_standard,1500,27250,1106.53950881958,31.565747022628784,0.000856548490505436,0.0003910876706167939,0.013249485878527199,0.9997558329715611
lorenz,42,0.5,large,30000,lstm,29939,29939,32.665568113327026,32.506004095077515,0.15043053666925268,0.13312874105677283,0.30323910483221667,0.9168839839609821
lorenz,42,0.7,small,1000,pyreco_standard,300,1450,83.2322769165039,2.6089770793914795,0.000453356537269487,0.0009484217917796211,0.02039431068422966,0.9993074153511056
lorenz,42,0.7,small,1000,lstm,952,952,38.163865089416504,38.04875874519348,0.2874740271779139,0.3245273991945176,0.45440503536454147,0.763013991479464
lorenz,42,0.7,medium,10000,pyreco_standard,900,10350,642.1983909606934,19.02427315711975,0.0002609452698185056,0.0004139087154405882,0.013665641487239921,0.999697743319647
lorenz,42,0.7,medium,10000,lstm,10052,10052,45.0889310836792,44.886862993240356,0.06848900909203046,0.0797251855942626,0.23121696737582245,0.9417807138644138
lorenz,42,0.7,large,30000,pyreco_standard,1500,27250,1684.067804813385,49.921680212020874,0.00019931361288085648,0.0001710197430741553,0.00894519898002356,0.9998751128983564
lorenz,42,0.7,large,30000,lstm,29939,29939,27.54250407218933,27.28455901145935,0.13171368006164547,0.17069021441731383,0.3358461498451023,0.8753535365313555
lorenz,42,0.7,small,1000,pyreco_standard,300,1450,88.81041693687439,2.6281559467315674,0.000453356537269487,0.0009484217917796211,0.02039431068422966,0.9993074153511056
lorenz,42,0.7,small,1000,lstm,952,952,32.38797998428345,32.26640605926514,0.08620118965824991,0.08910935880915029,0.2414946060129208,0.9349279249813137
lorenz,42,0.7,medium,10000,pyreco_standard,900,10350,654.4934477806091,18.740295886993408,0.0002609452698185056,0.0004139087154405882,0.013665641487239921,0.999697743319647
lorenz,42,0.7,medium,10000,lstm,10052,10052,34.416314125061035,34.02318501472473,0.15899462720474153,0.20894501985498562,0.37246841886078985,0.8474179795648094
lorenz,42,0.7,large,30000,pyreco_standard,1500,27250,1664.3128802776337,47.02849006652832,0.00019931361288085648,0.0001710197430741553,0.00894519898002356,0.9998751128983564
lorenz,42,0.7,large,30000,lstm,29939,29939,28.607348918914795,28.401995182037354,0.15007997447486304,0.19829600342910117,0.3695603835176279,0.8551944197165615
lorenz,42,0.7,small,1000,pyreco_standard,300,1450,87.49444723129272,2.577721118927002,0.000453356537269487,0.0009484217917796211,0.02039431068422966,0.9993074153511056
lorenz,42,0.7,small,1000,lstm,952,952,31.19870376586914,31.089155197143555,0.14424723342358048,0.17766204354011034,0.3296240949601062,0.8702623609942526
lorenz,42,0.7,medium,10000,pyreco_standard,900,10350,653.4118502140045,18.18806004524231,0.0002609452698185056,0.0004139087154405882,0.013665641487239921,0.999697743319647
lorenz,42,0.7,medium,10000,lstm,10052,10052,55.087262868881226,54.88729381561279,0.08169404925636346,0.10470768432042106,0.2707808851526317,0.9235372537723647
lorenz,42,0.7,large,30000,pyreco_standard,1500,27250,1625.1969530582428,48.459348917007446,0.00019931361288085648,0.0001710197430741553,0.00894519898002356,0.9998751128983564
lorenz,42,0.7,large,30000,lstm,29939,29939,61.02053093910217,60.80033087730408,0.09362344998540159,0.12914931236458324,0.3059080271254175,0.9056887642879445
lorenz,42,0.7,small,1000,pyreco_standard,300,1450,80.40038394927979,2.357257127761841,0.000453356537269487,0.0009484217917796211,0.02039431068422966,0.9993074153511056
lorenz,42,0.7,small,1000,lstm,952,952,33.22535490989685,33.19976210594177,0.26036686489796323,0.3118354895745482,0.441337728763021,0.7722822536009532
lorenz,42,0.7,medium,10000,pyreco_standard,900,10350,607.6972558498383,17.35282802581787,0.0002609452698185056,0.0004139087154405882,0.013665641487239921,0.999697743319647
lorenz,42,0.7,medium,10000,lstm,10052,10052,76.57223892211914,76.50058102607727,0.08933642007245304,0.11459820102681938,0.25341782643150723,0.9163147077492164
lorenz,42,0.7,large,30000,pyreco_standard,1500,27250,25157.688934326172,623.5539119243622,0.00019931361288085648,0.0001710197430741553,0.00894519898002356,0.9998751128983564
lorenz,42,0.7,large,30000,lstm,29939,29939,1012.1252338886261,1012.0767741203308,0.07560028449518383,0.10557943028013685,0.2724688146850306,0.9229006616203624
lorenz,42,0.9,small,1000,pyreco_standard,300,1450,1035.0703251361847,2.9120259284973145,0.0002732119586329173,0.0005258369622535695,0.01539866638129059,0.9995709585413689
lorenz,42,0.9,small,1000,lstm,952,952,1611.4216077327728,1611.3032569885254,0.3670359823823758,0.3549318163702475,0.45154742129424635,0.7104036514332586
lorenz,42,0.9,medium,10000,pyreco_standard,900,10350,8504.893285751343,22.044968843460083,0.00017479600464056957,0.0002233042779326337,0.010752062408028694,0.9998178013338732
lorenz,42,0.9,medium,10000,lstm,10052,10052,28.64419984817505,28.578231811523438,0.0853736159075561,0.09554528187942929,0.2426969696508626,0.9220425910586747
lorenz,42,0.9,large,30000,pyreco_standard,1500,27250,2026.179706811905,60.26285791397095,0.00016882899499865423,8.98082827646749e-05,0.00679529321429135,0.999926723529534
lorenz,42,0.9,large,30000,lstm,29939,29939,45.16273617744446,45.070148229599,0.06620528425781123,0.06902635407059206,0.2226511045508875,0.9436799430996455
lorenz,43,0.5,small,1000,pyreco_standard,300,1450,55.148836851119995,1.5902001857757568,0.0013968253191238196,0.0008494035289086611,0.01955006595939338,0.9994696934953944
lorenz,43,0.5,small,1000,lstm,952,952,26.847741842269897,26.824092149734497,0.3130338890922958,0.2782638448471522,0.40066679029585467,0.8262720581010254
lorenz,43,0.5,medium,10000,pyreco_standard,900,10350,427.1284170150757,12.242985963821411,0.001132799826765354,0.0004020084360411919,0.013491712908896484,0.9997490148306625
lorenz,43,0.5,medium,10000,lstm,10052,10052,31.55964708328247,31.549226999282837,0.1198056742845826,0.10308224378397471,0.27158815092215216,0.9356428569843303
lorenz,43,0.5,large,30000,pyreco_standard,1500,27250,1109.220244884491,31.718276977539062,0.0009870144906891922,0.0004655925501696244,0.01387177555385123,0.9997093174805053
lorenz,43,0.5,large,30000,lstm,29939,29939,31.344900131225586,31.304583072662354,0.11418086174069574,0.09938403710816943,0.25109773704646277,0.9379517513894141
lorenz,43,0.7,small,1000,pyreco_standard,300,1450,80.85108184814453,2.342866897583008,0.00027925323571230046,0.0003965709262466432,0.014677605904880422,0.9997104042335416
lorenz,43,0.7,small,1000,lstm,952,952,41.090384006500244,41.06535482406616,0.12896589327758695,0.13816875225501954,0.28882400202435315,0.8991023217748295
lorenz,43,0.7,medium,10000,pyreco_standard,900,10350,611.9408869743347,17.669286012649536,0.0002600246764373922,0.00034964102684978746,0.012371499809299878,0.9997446747745373
lorenz,43,0.7,medium,10000,lstm,10052,10052,17.448030948638916,17.40979313850403,0.20349147705965973,0.2657523240585311,0.413229649270815,0.80593446750566
lorenz,43,0.7,large,30000,pyreco_standard,1500,27250,1581.324524641037,45.92722201347351,0.0001971062786988234,0.00041132328299941124,0.01263758688185311,0.9996996313306934
lorenz,43,0.7,large,30000,lstm,29939,29939,31.496232986450195,31.453885793685913,0.16771824964736143,0.246872920036314,0.4031543958485674,0.8197211450360525
lorenz,43,0.9,small,1000,pyreco_standard,300,1450,104.9148941040039,3.1016640663146973,0.0002286143479127724,0.0003157360053938693,0.013624489747066957,0.9997423843395946
lorenz,43,0.9,small,1000,lstm,952,952,53.87668585777283,53.85063290596008,0.27344297830896536,0.289284968838145,0.3845036393252476,0.7639662977314509
lorenz,43,0.9,medium,10000,pyreco_standard,900,10350,791.0659520626068,23.104915142059326,0.00016705410645087131,0.0001210882142916517,0.00781582189730402,0.9999012015742292
lorenz,43,0.9,medium,10000,lstm,10052,10052,34.85181784629822,34.80979681015015,0.09126077392999045,0.09710443437080431,0.26097509719538925,0.920770445684449
lorenz,43,0.9,large,30000,pyreco_standard,1500,27250,2070.7560818195343,59.962125062942505,0.00013109122644311392,0.00012352320328951036,0.007218838013909598,0.9998992148153926
lorenz,43,0.9,large,30000,lstm,29939,29939,56.29547190666199,56.2490758895874,0.08794073421893521,0.0895410894513196,0.24291345091208688,0.9269415381890126
lorenz,44,0.5,small,1000,pyreco_standard,300,1450,56.38980293273926,1.6008219718933105,0.0012813138043720055,0.0014244398865110824,0.02546184782119723,0.9991106821298387
lorenz,44,0.5,small,1000,lstm,952,952,18.10464882850647,18.079020977020264,0.6435742159417122,0.6046117516465024,0.6078901842668504,0.6225238844120147
lorenz,44,0.5,medium,10000,pyreco_standard,900,10350,426.87863779067993,12.310834884643555,0.0008273873688431052,0.0005342190775338776,0.016323538568143555,0.9996664720099943
lorenz,44,0.5,medium,10000,lstm,10052,10052,22.1786630153656,22.16837191581726,0.16868258225372307,0.1482161302891922,0.30705296849706,0.90746450267186
lorenz,44,0.5,large,30000,pyreco_standard,1500,27250,1116.5781078338623,31.76147198677063,0.000963715483853608,0.0005642521112113788,0.01654664509979685,0.999647721542672
lorenz,44,0.5,large,30000,lstm,29939,29939,33.42417621612549,33.384501934051514,0.13812723691572157,0.12419105320697797,0.28096944643995425,0.9224640337742565
lorenz,44,0.7,small,1000,pyreco_standard,300,1450,81.32505917549133,2.3303098678588867,0.0003344659075139109,0.0005873903819823834,0.01686227175871032,0.9995710583993375
lorenz,44,0.7,small,1000,lstm,952,952,24.676802158355713,24.64839792251587,0.1425604569053823,0.189378153788906,0.35622076990043317,0.861706675988487
lorenz,44,0.7,medium,10000,pyreco_standard,900,10350,609.3701498508453,18.007704973220825,0.00014279342070894538,0.0003877250365586947,0.014026111873076874,0.999716863941086
lorenz,44,0.7,medium,10000,lstm,10052,10052,18.6093270778656,18.571727752685547,0.2104702458689493,0.25971107407042027,0.42547030323896007,0.8103460879873532
lorenz,44,0.7,large,30000,pyreco_standard,1500,27250,1579.2643671035767,45.9907751083374,0.00018697702173107582,0.000421941326554433,0.013359171193491356,0.9996918775084687
lorenz,44,0.7,large,30000,lstm,29939,29939,55.01907706260681,54.97365880012512,0.041056799972274224,0.04958462482424019,0.17684962379680835,0.9637908467813479
lorenz,44,0.9,small,1000,pyreco_standard,300,1450,105.34695196151733,3.0634961128234863,0.0002697583120207365,0.0004288432110045304,0.013403603644835843,0.999650097786993
lorenz,44,0.9,small,1000,lstm,952,952,55.8287308216095,55.799397230148315,0.335044749822715,0.28880365743127007,0.39869796868739393,0.7643590098511474
lorenz,44,0.9,medium,10000,pyreco_standard,900,10350,789.3319029808044,23.14973497390747,0.00010049088669495328,0.0001941414850552403,0.00975598788925457,0.9998415958711386
lorenz,44,0.9,medium,10000,lstm,10052,10052,42.8324921131134,42.78872108459473,0.10039837049886609,0.10847575926291199,0.2528487623390629,0.9114923420734578
lorenz,44,0.9,large,30000,pyreco_standard,1500,27250,2069.2250759601593,61.09886980056763,0.00011151681859144857,0.00016001394436592606,0.00869884418119374,0.9998694412507675
lorenz,44,0.9,large,30000,lstm,29939,29939,39.63740396499634,39.58926606178284,0.08683083606258057,0.08983562712067077,0.23242391991274508,0.9267012186977036
lorenz,45,0.5,small,1000,pyreco_standard,300,1450,56.32574200630188,1.632033109664917,0.0014474462673758643,0.0011034650624625049,0.021629809562743085,0.9993110757368988
lorenz,45,0.5,small,1000,lstm,952,952,33.367833852767944,33.3424117565155,0.3964641417866306,0.3243863276015087,0.42006068277803416,0.7974764953552197
lorenz,45,0.5,medium,10000,pyreco_standard,900,10350,429.4231641292572,12.36306095123291,0.0011251645624060958,0.0005671188467420039,0.015418637593583516,0.9996459317590802
lorenz,45,0.5,medium,10000,lstm,10052,10052,20.213245153427124,20.202622890472412,0.2175612072085549,0.19193440437132434,0.345596911756383,0.8801699549959446
lorenz,45,0.5,large,30000,pyreco_standard,1500,27250,1125.907424211502,31.978179931640625,0.0010248756227024928,0.0004643332732021967,0.015780390637635512,0.9997101036825213
lorenz,45,0.5,large,30000,lstm,29939,29939,31.662536144256592,31.621761083602905,0.2450893874149936,0.19908716334437132,0.3702268084411523,0.8757042864648085
lorenz,45,0.7,small,1000,pyreco_standard,300,1450,81.76500511169434,2.38637375831604,0.00030648480576322496,0.0005670381954776436,0.01715198465179095,0.9995859205757096
lorenz,45,0.7,small,1000,lstm,952,952,26.086209058761597,26.061925888061523,0.15855352921121807,0.1581263954532253,0.3266525345461548,0.8845282605006229
lorenz,45,0.7,medium,10000,pyreco_standard,900,10350,618.2756721973419,17.66230297088623,0.0002470321500464213,0.0003434447859996328,0.012547237728682503,0.9997491995770365
lorenz,45,0.7,medium,10000,lstm,10052,10052,38.07519197463989,38.01998472213745,0.09710223807479507,0.11598894736932147,0.27113715139875727,0.9152991157671768
lorenz,45,0.7,large,30000,pyreco_standard,1500,27250,1575.434890985489,45.11559772491455,0.0002851201432966258,0.0002921009402518918,0.011973145671135868,0.9997866934006583
lorenz,45,0.7,large,30000,lstm,29939,29939,43.47556829452515,43.43346691131592,0.07240734364420416,0.07805606879278804,0.22020016060974346,0.9429995857671185
lorenz,45,0.9,small,1000,pyreco_standard,300,1450,104.09860682487488,3.087844133377075,0.00029075582693808535,0.0003843415468719364,0.014232549628051488,0.9996864076325563
lorenz,45,0.9,small,1000,lstm,952,952,28.010716199874878,27.98706078529358,0.19947428786807048,0.19111306958372978,0.32669718472355497,0.8440668191405646
lorenz,45,0.9,medium,10000,pyreco_standard,900,10350,776.4316720962524,22.406346082687378,0.00015425056576952968,0.00014743704780239498,0.008455300279157958,0.9998797030057106
lorenz,45,0.9,medium,10000,lstm,10052,10052,33.983762979507446,33.9451858997345,0.10899158682551131,0.10944559245913707,0.2532995527429746,0.9107010347310565
lorenz,45,0.9,large,30000,pyreco_standard,1500,27250,2035.1122679710388,58.779195070266724,0.00018666809835153836,0.0001097598590246668,0.007496688091945235,0.9999104446180176
lorenz,45,0.9,large,30000,lstm,29939,29939,30.109413146972656,30.063525915145874,0.06768720209360146,0.07157841726292366,0.22580727600593628,0.9415976609605886
lorenz,46,0.5,small,1000,pyreco_standard,300,1450,54.62044906616211,1.5969200134277344,0.0014640832514919663,0.0005845491594736873,0.016381766298008686,0.9996350495247778
lorenz,46,0.5,small,1000,lstm,952,952,14.143507957458496,14.12010908126831,0.3952892557794971,0.3169333099725672,0.4118896964310276,0.8021296238071894
lorenz,46,0.5,medium,10000,pyreco_standard,900,10350,423.3428249359131,12.217290163040161,0.0009745599414330182,0.0004849107920676105,0.01578696477104878,0.9996972565589439
lorenz,46,0.5,medium,10000,lstm,10052,10052,20.37721300125122,20.365496158599854,0.2225109869757028,0.1946829104984106,0.3630535148437458,0.8784539853448471
lorenz,46,0.5,large,30000,pyreco_standard,1500,27250,1109.3522498607635,31.74079704284668,0.0010133740203671473,0.00040804285916333635,0.01364565102838223,0.9997452473706459
lorenz,46,0.5,large,30000,lstm,29939,29939,20.67121386528015,20.629777193069458,0.2949730953984879,0.2643691717874212,0.40504994759308954,0.834946893149582
lorenz,46,0.7,small,1000,pyreco_standard,300,1450,81.31228995323181,2.3974201679229736,0.00031771177050430704,0.0003437848500645421,0.01374842951719718,0.9997489512453838
lorenz,46,0.7,small,1000,lstm,952,952,29.09129762649536,29.064122915267944,0.14350957625934563,0.17446762467345014,0.3388734418782397,0.8725950841437662
lorenz,46,0.7,medium,10000,pyreco_standard,900,10350,607.0534610748291,17.59110927581787,0.00020157399199026644,0.0003790845232049181,0.013474370200476692,0.9997231736726414
lorenz,46,0.7,medium,10000,lstm,10052,10052,37.887194871902466,37.84851813316345,0.08314848523462418,0.10685100627443787,0.26160669119259733,0.9219720937392901
lorenz,46,0.7,large,30000,pyreco_standard,1500,27250,1561.358874797821,44.62233591079712,0.00028040392462242754,0.0003463908964233968,0.012432827926392732,0.9997470481810319
lorenz,46,0.7,large,30000,lstm,29939,29939,31.556814908981323,31.51496410369873,0.08922911609237119,0.1224733559172509,0.27538648847255115,0.9105638789175168
lorenz,46,0.9,small,1000,pyreco_standard,300,1450,103.62315511703491,3.065276861190796,0.0002625498976952702,0.00022664786405769571,0.010277703824337124,0.9998150732314933
lorenz,46,0.9,small,1000,lstm,952,952,43.78828573226929,43.76377582550049,0.11625408267808841,0.11221948992897803,0.27590447331016693,0.9084377533301958
lorenz,46,0.9,medium,10000,pyreco_standard,900,10350,773.9557430744171,22.4588041305542,0.00014321332810417997,0.00017058737911431615,0.009145324357260195,0.9998608141625389
lorenz,46,0.9,medium,10000,lstm,10052,10052,40.76941633224487,40.73109197616577,0.11775847427069103,0.1225913894282731,0.27937010942518636,0.8999751019584072
lorenz,46,0.9,large,30000,pyreco_standard,1500,27250,2009.9977750778198,58.149011850357056,0.00015759744311325991,0.00010418140885991282,0.0069498273943040265,0.9999149961930635
lorenz,46,0.9,large,30000,lstm,29939,29939,39.23255801200867,39.15310597419739,0.07913276451928383,0.08854594762689551,0.2510667781830019,0.9277534953744981
mackeyglass,42,0.5,small,1000,pyreco_standard,100,1150,50.279250144958496,1.4101998805999756,0.009601731130944403,0.011067781782648067,0.08670750390938921,0.9888890663056493
mackeyglass,42,0.5,small,1000,lstm,872,872,47.213696002960205,47.18578004837036,0.10883742947890356,0.10993501779149223,0.27996936844081205,0.8896363591769082
mackeyglass,42,0.5,medium,10000,pyreco_standard,300,9450,404.0757040977478,11.827375888824463,0.010144525950381594,0.011283176617698638,0.08824194265258678,0.9886728316727887
mackeyglass,42,0.5,medium,10000,lstm,9772,9772,28.10607385635376,28.027656078338623,0.11208344733447516,0.10512387340386356,0.26172866292163116,0.894466261621199
mackeyglass,42,0.5,large,30000,pyreco_standard,500,25750,1081.4210267066956,30.806006908416748,0.009124083322541108,0.010890091772998227,0.08605954840699909,0.9890674491066604
mackeyglass,42,0.5,large,30000,lstm,29449,29449,39.863994121551514,39.69036817550659,0.10818307969662813,0.10964924183550735,0.2497455147477865,0.8899232493379851
mackeyglass,42,0.7,small,1000,pyreco_standard,100,1150,72.19970989227295,2.0558080673217773,0.008772366098017112,0.007415906925020966,0.07009351745489821,0.9925797135421536
mackeyglass,42,0.7,small,1000,lstm,872,872,57.55491089820862,57.473857164382935,0.08799099629648867,0.08926251728695882,0.22884621442760023,0.9106847679030398
mackeyglass,42,0.7,medium,10000,pyreco_standard,300,9450,587.3068490028381,17.23765778541565,0.009488547713611213,0.010793054579585973,0.08637340932872753,0.9892005714816232
mackeyglass,42,0.7,medium,10000,lstm,9772,9772,46.35182476043701,46.20138716697693,0.025575276537999857,0.02603481542813931,0.11936752515918926,0.9739498094694052
mackeyglass,42,0.7,large,30000,pyreco_standard,500,25750,1536.994266986847,44.752907037734985,0.008792229313781812,0.010371029513958884,0.08420482965744676,0.989622845778079
mackeyglass,42,0.7,large,30000,lstm,29449,29449,53.328490018844604,53.05185508728027,0.0455602124029242,0.04741873435330912,0.16049724214530914,0.9525532620719777
mackeyglass,42,0.9,small,1000,pyreco_standard,100,1150,98.98872494697571,2.8468399047851562,0.008235540590631687,0.006631267192927209,0.06645138760383362,0.9932829881807289
mackeyglass,42,0.9,small,1000,lstm,872,872,56.84606981277466,56.7339608669281,0.1233803268710775,0.12311678769809667,0.26622235326656685,0.8752912687637063
mackeyglass,42,0.9,medium,10000,pyreco_standard,300,9450,751.7192640304565,21.935990810394287,0.00895603426131828,0.010313996701686257,0.0850870036115283,0.9895526396790282
mackeyglass,42,0.9,medium,10000,lstm,9772,9772,43.80987906455994,43.70439291000366,0.11681480939981263,0.1107181698272768,0.27416400895143417,0.8878502051416207
mackeyglass,42,0.9,large,30000,pyreco_standard,500,25750,1976.229483127594,57.29721188545227,0.008376220733636468,0.009919550612489211,0.08264884385353533,0.9899521860954398
mackeyglass,42,0.9,large,30000,lstm,29449,29449,40.376925230026245,40.33253192901611,0.07076157879496983,0.0627958761366627,0.18140242207726287,0.9363921510112977
mackeyglass,43,0.5,small,1000,pyreco_standard,100,1150,47.92726397514343,1.4098870754241943,0.009566051490756686,0.008176998058420135,0.07473544661417666,0.9918469088794485
mackeyglass,43,0.5,small,1000,lstm,872,872,20.145963191986084,20.12083387374878,0.09492448051500711,0.098275016492511,0.26173390549735664,0.9020123083541554
mackeyglass,43,0.5,medium,10000,pyreco_standard,300,9450,396.29350185394287,11.360928773880005,0.009261428791140511,0.009167892641935885,0.07845364719295707,0.9908589113560853
mackeyglass,43,0.5,medium,10000,lstm,9772,9772,32.67410492897034,32.663249015808105,0.06954254643207365,0.06890844322493415,0.2199984769010704,0.9312930231150397
mackeyglass,43,0.5,large,30000,pyreco_standard,500,25750,1048.2328598499298,29.86348009109497,0.009239051053238764,0.01095367749922971,0.0853800340839573,0.9890783475649242
mackeyglass,43,0.5,large,30000,lstm,29449,29449,26.765315055847168,26.724535942077637,0.047358694306725214,0.04573361681032146,0.1771662330583769,0.9544000937186259
mackeyglass,43,0.7,small,1000,pyreco_standard,100,1150,69.4475519657135,2.035802125930786,0.008470255602758197,0.006968885540521639,0.06914036335170536,0.9931012727149208
mackeyglass,43,0.7,small,1000,lstm,872,872,23.895025968551636,23.871373176574707,0.05167886088245626,0.04945458405544526,0.1820671807745163,0.9510432928749172
mackeyglass,43,0.7,medium,10000,pyreco_standard,300,9450,565.9138460159302,16.348453283309937,0.008245523740152387,0.008320739873719493,0.0746942476323551,0.9917630279812892
mackeyglass,43,0.7,medium,10000,lstm,9772,9772,33.75027084350586,33.70697379112244,0.056258995231784736,0.05557431701549019,0.16982436284142938,0.9449851694485277
mackeyglass,43,0.7,large,30000,pyreco_standard,500,25750,1486.8090951442719,43.013407945632935,0.00843006261536063,0.010349573081304915,0.08308399487893112,0.9897546197609705
mackeyglass,43,0.7,large,30000,lstm,29449,29449,32.63457727432251,32.58901810646057,0.0872146218564893,0.08460346966441984,0.2434348385158059,0.9162482636294504
mackeyglass,43,0.9,small,1000,pyreco_standard,100,1150,91.78324508666992,2.6969900131225586,0.007672845324315195,0.006303957949989594,0.06510414510775403,0.9938430468221745
mackeyglass,43,0.9,small,1000,lstm,872,872,48.94421410560608,48.91779398918152,0.16992350138965664,0.17976139907293232,0.3435751716239326,0.8244305361722353
mackeyglass,43,0.9,medium,10000,pyreco_standard,300,9450,730.8881969451904,21.33786416053772,0.007756999897402492,0.007959742114301416,0.07192187861651778,0.9922258746181198
mackeyglass,43,0.9,medium,10000,lstm,9772,9772,49.81236004829407,49.77362394332886,0.04648763002351889,0.05036292325614166,0.19479077894332925,0.9508115119348163
mackeyglass,43,0.9,large,30000,pyreco_standard,500,25750,1979.889937877655,57.90631294250488,0.008385626032732173,0.009965900815844695,0.08060588200210658,0.9902664984149981
mackeyglass,43,0.9,large,30000,lstm,29449,29449,31.18997812271118,31.14412498474121,0.08442262443153714,0.08849508664657481,0.226151172957791,0.9135685692587034
mackeyglass,44,0.5,small,1000,pyreco_standard,100,1150,49.158203125,1.3967552185058594,0.007553775389755483,0.008485112118057124,0.07552717387402282,0.9914060650572677
mackeyglass,44,0.5,small,1000,lstm,872,872,43.4108989238739,43.38663196563721,0.05737345321590415,0.05555044923105245,0.17437333057542317,0.9437371079970444
mackeyglass,44,0.5,medium,10000,pyreco_standard,300,9450,404.03971910476685,11.698032855987549,0.008931968677384428,0.01060502704266958,0.084763275660476,0.9892589619085095
mackeyglass,44,0.5,medium,10000,lstm,9772,9772,28.95458674430847,28.94360899925232,0.07373954405091265,0.07470561257671895,0.23356322320745018,0.9243362768330406
mackeyglass,44,0.5,large,30000,pyreco_standard,500,25750,1073.0951960086823,30.575217723846436,0.008292951177794095,0.009419598565484263,0.07852229811904184,0.9904595936821914
mackeyglass,44,0.5,large,30000,lstm,29449,29449,23.71248698234558,23.672898054122925,0.1195020389857749,0.1163899678013705,0.2744645964489189,0.8821173135540469
mackeyglass,44,0.7,small,1000,pyreco_standard,100,1150,70.37913608551025,2.0305962562561035,0.007777427291657786,0.007434595595479804,0.07043497562486552,0.9925277416092123
mackeyglass,44,0.7,small,1000,lstm,872,872,27.39548897743225,27.371421098709106,0.10986826014869827,0.10909172996862808,0.26319443757680316,0.8903556240343125
mackeyglass,44,0.7,medium,10000,pyreco_standard,300,9450,581.2801861763,17.03084421157837,0.009099294981944554,0.009640899041463168,0.0809192402059368,0.9903102612869609
mackeyglass,44,0.7,medium,10000,lstm,9772,9772,39.346904039382935,39.30863690376282,0.08138059562857163,0.07593683456783348,0.19290508286436095,0.9236784782733384
mackeyglass,44,0.7,large,30000,pyreco_standard,500,25750,1515.8998401165009,43.236735105514526,0.008923559244228335,0.008256493262631004,0.0733679169557105,0.9917016803042136
mackeyglass,44,0.7,large,30000,lstm,29449,29449,44.4697790145874,44.42491698265076,0.04711022428289041,0.04493314371468196,0.15675518137479205,0.9548392302130543
mackeyglass,44,0.9,small,1000,pyreco_standard,100,1150,90.69342279434204,2.651397705078125,0.007031784570133844,0.006684518927207019,0.06634573753983947,0.993276883815532
mackeyglass,44,0.9,small,1000,lstm,872,872,75.2771270275116,75.25136685371399,0.0254603632785523,0.0253650058423089,0.12400691044633255,0.9744885334076231
mackeyglass,44,0.9,medium,10000,pyreco_standard,300,9450,728.531672000885,21.31975769996643,0.00846554540301664,0.008941888459330496,0.07815656082737697,0.9910064799463809
mackeyglass,44,0.9,medium,10000,lstm,9772,9772,53.589020013809204,53.540719985961914,0.08085284853867578,0.08319797442103231,0.2333054257163921,0.9163216299577881
mackeyglass,44,0.9,large,30000,pyreco_standard,500,25750,1925.377954006195,55.861435890197754,0.008297069295506464,0.00780532563167029,0.0709579523067812,0.9921496054314785
mackeyglass,44,0.9,large,30000,lstm,29449,29449,74.22458004951477,74.1783549785614,0.01975972111571288,0.019669035096085852,0.10404593502657429,0.98021739340895
mackeyglass,45,0.5,small,1000,pyreco_standard,100,1150,47.9602210521698,1.3758058547973633,0.007122955809042688,0.009125588326728511,0.07816656306086474,0.990868238556788
mackeyglass,45,0.5,small,1000,lstm,872,872,34.79823589324951,34.76972317695618,0.12609289773085003,0.11517356943732958,0.29099740072593383,0.8847485199847982
mackeyglass,45,0.5,medium,10000,pyreco_standard,300,9450,391.2522130012512,11.220938205718994,0.008486245735809125,0.008404309964015174,0.07387556760866645,0.9915900048371227
mackeyglass,45,0.5,medium,10000,lstm,9772,9772,46.505496978759766,46.491288900375366,0.09396995013223612,0.08855555037358544,0.254797614793157,0.9113845451349838
mackeyglass,45,0.5,large,30000,pyreco_standard,500,25750,1039.8129169940948,29.76526689529419,0.007937360820085951,0.009697736385137695,0.0802734862861291,0.9902957034617863
mackeyglass,45,0.5,large,30000,lstm,29449,29449,22.637256145477295,22.596418142318726,0.0729124233910086,0.0735049626356247,0.2189904821904061,0.9264453140281672
mackeyglass,45,0.7,small,1000,pyreco_standard,100,1150,69.14734077453613,1.9950857162475586,0.0069338091870435456,0.008434096529193776,0.07430684088034564,0.9917289400681285
mackeyglass,45,0.7,small,1000,lstm,872,872,53.013426065444946,52.9846568107605,0.11059693540538751,0.1176870328378189,0.2804359839182838,0.8845879344116565
mackeyglass,45,0.7,medium,10000,pyreco_standard,300,9450,562.251946926117,16.303090810775757,0.008624083941265398,0.008107323528489195,0.07209422470875612,0.9920493963331937
mackeyglass,45,0.7,medium,10000,lstm,9772,9772,42.945091009140015,42.895803928375244,0.037308132319345017,0.03956170127303968,0.15980188673356566,0.9612030522648775
mackeyglass,45,0.7,large,30000,pyreco_standard,500,25750,1480.0559239387512,42.94566202163696,0.008193870353594089,0.00902767485240872,0.07718774665867004,0.9911468360017858
mackeyglass,45,0.7,large,30000,lstm,29449,29449,56.46559286117554,56.4209508895874,0.027028890045106665,0.026645191514402547,0.12793970674944527,0.9738698774493532
mackeyglass,45,0.9,small,1000,pyreco_standard,100,1150,91.47873115539551,2.647261142730713,0.006271073135969102,0.007481651448088322,0.06963232950842714,0.9926468889304163
mackeyglass,45,0.9,small,1000,lstm,872,872,60.99287295341492,60.966078996658325,0.03956919196205751,0.04031314408786404,0.15893608197275771,0.9603794659375723
mackeyglass,45,0.9,medium,10000,pyreco_standard,300,9450,729.2501068115234,21.24810218811035,0.008261407719861414,0.007351523120560781,0.0687231748987761,0.9927747815557609
mackeyglass,45,0.9,medium,10000,lstm,9772,9772,66.45995116233826,66.40632820129395,0.040657983179783926,0.04173022069369514,0.1549889711580416,0.9589867357697632
mackeyglass,45,0.9,large,30000,pyreco_standard,500,25750,1928.832669019699,56.23251700401306,0.00785608835901684,0.008178262766790645,0.0732225470595039,0.9919622459161983
mackeyglass,45,0.9,large,30000,lstm,29449,29449,41.72065091133118,41.674176931381226,0.06970947804813205,0.07152530263423484,0.213720127187602,0.9297035556649061
mackeyglass,46,0.5,small,1000,pyreco_standard,100,1150,48.394410133361816,1.3786590099334717,0.008392643656241839,0.007987636045921516,0.07318053448705736,0.9919689477841336
mackeyglass,46,0.5,small,1000,lstm,872,872,53.401965856552124,53.374738931655884,0.06815835913783119,0.06153134035750092,0.18091860382135197,0.9381342108625924
mackeyglass,46,0.5,medium,10000,pyreco_standard,300,9450,391.39557099342346,11.330383777618408,0.008626034675627387,0.009811149316009545,0.08126584546418984,0.9901355229505272
mackeyglass,46,0.5,medium,10000,lstm,9772,9772,39.305700063705444,39.29167413711548,0.04060738339237433,0.04061800254015922,0.1671555716661268,0.9591612214892073
mackeyglass,46,0.5,large,30000,pyreco_standard,500,25750,1043.5984771251678,29.885703086853027,0.008499654853978859,0.009624012085874404,0.08010320874900399,0.9903236773504157
mackeyglass,46,0.5,large,30000,lstm,29449,29449,27.889392137527466,27.845736026763916,0.1508484670367879,0.14256490047724923,0.3091462633124414,0.8566601991753001
mackeyglass,46,0.7,small,1000,pyreco_standard,100,1150,69.29774880409241,2.005667209625244,0.008180951141422555,0.007108041902955772,0.06879031492322692,0.9929201307500684
mackeyglass,46,0.7,small,1000,lstm,872,872,52.496665954589844,52.47028398513794,0.0980239548289141,0.09637949745770734,0.2265681109176893,0.9040025017169719
mackeyglass,46,0.7,medium,10000,pyreco_standard,300,9450,563.7673799991608,16.385247945785522,0.008691632031466345,0.009765938662065198,0.08148100518925869,0.990272768538193
mackeyglass,46,0.7,medium,10000,lstm,9772,9772,40.47389793395996,40.43274903297424,0.030381247798045873,0.029959206580851112,0.1358493020475796,0.9701595364349335
mackeyglass,46,0.7,large,30000,pyreco_standard,500,25750,1483.6626942157745,43.09577703475952,0.008666375686394345,0.008868378279162587,0.07682812554972947,0.9911667714494907
mackeyglass,46,0.7,large,30000,lstm,29449,29449,33.436307191848755,33.387486934661865,0.06130221507412776,0.060085521753732385,0.17941873909443667,0.9401526266110707
mackeyglass,46,0.9,small,1000,pyreco_standard,100,1150,91.25723814964294,2.657515048980713,0.007579227544486036,0.0065073717142523765,0.06576305441015234,0.9935438416561839
mackeyglass,46,0.9,small,1000,lstm,872,872,96.83085322380066,96.80338501930237,0.22165351706246675,0.22044760924769163,0.3799097984887254,0.7812873254648083
mackeyglass,46,0.9,medium,10000,pyreco_standard,300,9450,727.0546717643738,21.354821920394897,0.008400865727746723,0.00830979844285707,0.07482921535853582,0.9917556001242746
mackeyglass,46,0.9,medium,10000,lstm,9772,9772,73.50403308868408,73.4567563533783,0.04352271904224563,0.04379711597479871,0.16158944306239553,0.9565475697175133
mackeyglass,46,0.9,large,30000,pyreco_standard,500,25750,1931.968178987503,56.41506624221802,0.008350436141175104,0.008303140786215918,0.07467281662402887,0.9917622053847946
mackeyglass,46,0.9,large,30000,lstm,29449,29449,40.094374895095825,40.04795217514038,0.04464111154897281,0.04175048377742979,0.15201756988375964,0.9585780948078237
santafe,42,0.5,small,1000,pyreco_standard,100,1150,48.64980673789978,1.404937982559204,0.1504079603399549,0.31237181504649614,0.4271835727000917,0.7421978291780996
santafe,42,0.5,small,1000,lstm,872,872,33.893513917922974,33.86512613296509,0.08658816740031408,0.16858552610316224,0.24431822303208967,0.8608654414224979
santafe,42,0.5,medium,10000,pyreco_standard,300,9450,395.4017472267151,11.405946969985962,0.1616328070560193,0.3168044421551524,0.4322888420762256,0.7385395577335856
santafe,42,0.5,medium,10000,lstm,9772,9772,23.989458084106445,23.97756314277649,0.08374321771656225,0.12486935353857093,0.2617192395488352,0.8969446382139846
santafe,42,0.5,large,30000,pyreco_standard,500,25750,1049.5193169116974,30.10438299179077,0.16282069801694035,0.325256943476846,0.44132373578348205,0.7315636620712858
santafe,42,0.5,large,30000,lstm,29449,29449,19.885786771774292,19.84493088722229,0.08351194185686074,0.11225257057029565,0.2300685848390934,0.907357338340358
santafe,42,0.7,small,1000,pyreco_standard,100,1150,70.53352808952332,2.0410048961639404,0.17248766300980933,0.2568069046861984,0.38790348286871246,0.8007294217410631
santafe,42,0.7,small,1000,lstm,872,872,57.94020104408264,57.91297364234924,0.07207512314127378,0.08125137970493976,0.2057869057948179,0.9369525930857499
santafe,42,0.7,medium,10000,pyreco_standard,300,9450,567.8392436504364,16.52102303504944,0.1939321616813743,0.33791321165017385,0.45151631455102736,0.7377945847322713
santafe,42,0.7,medium,10000,lstm,9772,9772,35.865894079208374,35.81534790992737,0.033386897041058496,0.0405726013158847,0.15733579118130894,0.9685174908534298
santafe,42,0.7,large,30000,pyreco_standard,500,25750,1492.1528832912445,43.32427191734314,0.20589276356733302,0.3538747554070385,0.464550716847518,0.7254091465049685
santafe,42,0.7,large,30000,lstm,29449,29449,29.000083923339844,28.951707124710083,0.1383263887717384,0.20989353808067165,0.32206431258892254,0.8371320788385427
santafe,42,0.9,small,1000,pyreco_standard,100,1150,92.63258790969849,2.6965699195861816,0.2558722735488662,0.2128497814693909,0.3365975534601013,0.7995989809134996
santafe,42,0.9,small,1000,lstm,872,872,64.14011311531067,64.11271286010742,0.0842167387662413,0.08317320301500458,0.15842343807409198,0.9216912766842926
santafe,42,0.9,medium,10000,pyreco_standard,300,9450,733.3743758201599,21.52368402481079,0.3090152151976853,0.28764463296357173,0.3980561945266631,0.7291785916681726
santafe,42,0.9,medium,10000,lstm,9772,9772,67.00077605247498,66.94916915893555,0.05499398992287294,0.05847552816446619,0.15780933907107544,0.9449444798351104
santafe,42,0.9,large,30000,pyreco_standard,500,25750,1939.6522901058197,56.559627056121826,0.3370964175080923,0.3031531201921079,0.41231298366595354,0.7145771360141739
santafe,42,0.9,large,30000,lstm,29449,29449,57.97625803947449,57.92965912818909,0.06830206218041834,0.06925357059045525,0.15842935262360217,0.9347968035207875
santafe,43,0.5,small,1000,pyreco_standard,100,1150,48.632378339767456,1.3971409797668457,0.15239752292757114,0.24708350243773822,0.37767080783063345,0.7960806313679556
santafe,43,0.5,small,1000,lstm,872,872,33.0630259513855,33.03486394882202,0.10026506902339406,0.17117789502283873,0.2746789760521178,0.8587259451463555
santafe,43,0.5,medium,10000,pyreco_standard,300,9450,395.79631328582764,11.405107975006104,0.1596531809902884,0.3251306727991355,0.43554647359955273,0.7316678739535905
santafe,43,0.5,medium,10000,lstm,9772,9772,46.696526765823364,46.68353605270386,0.029560633088389476,0.027645397283220876,0.11987491795318155,0.977184102119497
santafe,43,0.5,large,30000,pyreco_standard,500,25750,1050.7478289604187,29.98878002166748,0.1604674603324574,0.31790948887963283,0.4344064262869089,0.7376275566159807
santafe,43,0.5,large,30000,lstm,29449,29449,23.608339071273804,23.567575931549072,0.1476449776410038,0.22637559033861854,0.326092634395738,0.8131709847071246
santafe,43,0.7,small,1000,pyreco_standard,100,1150,70.70217800140381,2.0486629009246826,0.16771581687936826,0.241380226467188,0.37334603351655077,0.8126998284288158
santafe,43,0.7,small,1000,lstm,872,872,30.57036304473877,30.54174017906189,0.11259695800958465,0.172975567128306,0.2876985405220242,0.8657787596153462
santafe,43,0.7,medium,10000,pyreco_standard,300,9450,569.290787935257,16.582082271575928,0.19977555523596044,0.33297567100573744,0.44861136996316003,0.7416258936318358
santafe,43,0.7,medium,10000,lstm,9772,9772,53.16371989250183,53.114619970321655,0.07432121830333671,0.06663267502237603,0.21325202486343448,0.9482960487418612
santafe,43,0.7,large,30000,pyreco_standard,500,25750,1491.5649650096893,43.20672678947449,0.1988391489894523,0.34502809904464493,0.4563331752068731,0.732273752934248
santafe,43,0.7,large,30000,lstm,29449,29449,39.23115682601929,39.18574285507202,0.06284320255716584,0.09495455479717115,0.19600101495256309,0.9263195471092444
santafe,43,0.9,small,1000,pyreco_standard,100,1150,92.5802059173584,2.698781967163086,0.24774664611616937,0.19972853517642608,0.3239911279496741,0.8119528161424695
santafe,43,0.9,small,1000,lstm,872,872,74.52127194404602,74.49216508865356,0.12569190043725478,0.11873192844411856,0.2550123323546196,0.888212243893102
santafe,43,0.9,medium,10000,pyreco_standard,300,9450,734.9199500083923,21.582393646240234,0.32506755505955337,0.2826177655592035,0.3942861983779633,0.7339114569955113
santafe,43,0.9,medium,10000,lstm,9772,9772,46.48129677772522,46.39566993713379,0.038245918480303766,0.0475965217180193,0.12797832452580896,0.9551872151739301
santafe,43,0.9,large,30000,pyreco_standard,500,25750,1945.4418981075287,56.80347013473511,0.32246632189642066,0.2960969605078452,0.4046505588549283,0.7212206081464987
santafe,43,0.9,large,30000,lstm,29449,29449,44.545286893844604,44.49847197532654,0.06507058305578267,0.06451701406212454,0.15749170750557145,0.9392563371349896
santafe,44,0.5,small,1000,pyreco_standard,100,1150,48.759628772735596,1.4190921783447266,0.1580049761202402,0.2979478757686637,0.41486096504367304,0.7541019853103517
santafe,44,0.5,small,1000,lstm,872,872,48.22293305397034,48.196099281311035,0.0710039403726248,0.08570307238246422,0.19292367701945246,0.9292687846916758
santafe,44,0.5,medium,10000,pyreco_standard,300,9450,394.37724328041077,11.495573282241821,0.15596853365435445,0.32430865465019687,0.4349770862893837,0.7323462900367439
santafe,44,0.5,medium,10000,lstm,9772,9772,46.14925718307495,46.13262104988098,0.04078449706078154,0.04619843271181113,0.1207733741806496,0.9618721803056988
santafe,44,0.5,large,30000,pyreco_standard,500,25750,1048.886242866516,29.97437596321106,0.16547455035013442,0.31303947610325766,0.43021492542410195,0.7416468048490297
santafe,44,0.5,large,30000,lstm,29449,29449,23.868389129638672,23.828163862228394,0.09316526110421963,0.15692024448032327,0.2694145646364885,0.8704928622740529
santafe,44,0.7,small,1000,pyreco_standard,100,1150,70.34413409233093,2.074948787689209,0.17264163252424392,0.2592145932471361,0.37652520193975003,0.7988611639837737
santafe,44,0.7,small,1000,lstm,872,872,46.8863627910614,46.859174966812134,0.0825673962969092,0.14044089915967387,0.2671361546155709,0.8910241949259501
santafe,44,0.7,medium,10000,pyreco_standard,300,9450,566.7757151126862,16.77775478363037,0.19349425740145856,0.3149059958973624,0.4369886097217375,0.7556471467293602
santafe,44,0.7,medium,10000,lstm,9772,9772,27.624037742614746,27.568915843963623,0.06105908525932089,0.08185851955466505,0.23825998128233944,0.9364814799391363
santafe,44,0.7,large,30000,pyreco_standard,500,25750,1486.56028175354,43.10967707633972,0.20712348878346418,0.3583576950692831,0.46583199693361976,0.7219305874689994
santafe,44,0.7,large,30000,lstm,29449,29449,23.27151894569397,23.22882103919983,0.13302636473356116,0.1791892610229242,0.3171970732218044,0.8609572133371509
santafe,44,0.9,small,1000,pyreco_standard,100,1150,92.54162216186523,2.7358620166778564,0.24349926914008058,0.21906086804021066,0.32695399025879085,0.7937511568291429
santafe,44,0.9,small,1000,lstm,872,872,35.90562105178833,35.87842082977295,0.17114799677384174,0.14796363977729615,0.2514837808222352,0.8606901825577765
santafe,44,0.9,medium,10000,pyreco_standard,300,9450,731.4748849868774,21.65761399269104,0.3056698375541206,0.265319849672743,0.38394503397260865,0.7501976845301999
santafe,44,0.9,medium,10000,lstm,9772,9772,39.88347887992859,39.833824157714844,0.05681394905578386,0.06067644497612758,0.1428908931434363,0.9428722861549634
santafe,44,0.9,large,30000,pyreco_standard,500,25750,1954.9917759895325,58.74199295043945,0.3358506823150741,0.3131353136118332,0.40568160545007687,0.705178762568725
santafe,44,0.9,large,30000,lstm,29449,29449,37.19215488433838,37.14449214935303,0.09651342913542715,0.09653647048781235,0.19674035137457394,0.9091095751603883
santafe,45,0.5,small,1000,pyreco_standard,100,1150,49.75000619888306,1.4430012702941895,0.1523426898461316,0.29312797398547197,0.41503997888260924,0.7580798766661074
santafe,45,0.5,small,1000,lstm,872,872,25.86575698852539,25.841276168823242,0.06280845517837308,0.09400873583957389,0.19663954974216472,0.9224140751237198
santafe,45,0.5,medium,10000,pyreco_standard,300,9450,401.89502596855164,11.58866262435913,0.16015687926413807,0.3027052340534439,0.4240496849539237,0.7501757114465867
santafe,45,0.5,medium,10000,lstm,9772,9772,25.405388116836548,25.391469955444336,0.06337829230406003,0.09766484904195756,0.24112381973197827,0.9193966648615141
santafe,45,0.5,large,30000,pyreco_standard,500,25750,1080.142024755478,31.07872986793518,0.1662487297256559,0.3257653880980917,0.4404111428057315,0.731144039938987
santafe,45,0.5,large,30000,lstm,29449,29449,29.356895923614502,29.310240030288696,0.074548070691301,0.09877461530977827,0.20581542046332382,0.9184807686789264
santafe,45,0.7,small,1000,pyreco_standard,100,1150,73.20473194122314,2.182141065597534,0.16703711044909858,0.2578230051723913,0.38509987400362305,0.7999409735811498
santafe,45,0.7,small,1000,lstm,872,872,25.38922381401062,25.36101984977722,0.1687495040646372,0.2243765346924102,0.3759506458505125,0.8258939265261276
santafe,45,0.7,medium,10000,pyreco_standard,300,9450,583.6507511138916,16.808271884918213,0.19728743566558188,0.2816780037867691,0.4126311154985288,0.781430570311184
santafe,45,0.7,medium,10000,lstm,9772,9772,41.42238092422485,41.22252798080444,0.10108853815832805,0.1468931124211546,0.31383284265336864,0.8860175683742367
santafe,45,0.7,large,30000,pyreco_standard,500,25750,1533.7278380393982,43.88200235366821,0.20705224087222954,0.34586647504835,0.4565100640806447,0.7316232109589034
santafe,45,0.7,large,30000,lstm,29449,29449,33.432395935058594,33.38583564758301,0.13846139641629554,0.17326136063907377,0.3147699042369231,0.865556996737814
santafe,45,0.9,small,1000,pyreco_standard,100,1150,94.32808494567871,2.767056941986084,0.23652182982624698,0.21034795674940077,0.3312762416719322,0.8019544835595472
santafe,45,0.9,small,1000,lstm,872,872,60.654112815856934,60.62698411941528,0.07246136197955638,0.0911294379243278,0.24580773979231005,0.914200371253651
santafe,45,0.9,medium,10000,pyreco_standard,300,9450,738.7521538734436,21.581566095352173,0.3144067653911302,0.23323312080172653,0.3622036166832296,0.7804077844443905
santafe,45,0.9,medium,10000,lstm,9772,9772,38.92473292350769,38.87525415420532,0.1497473231375369,0.13192600271188273,0.2893234050513772,0.8757898401165534
santafe,45,0.9,large,30000,pyreco_standard,500,25750,1952.5163509845734,57.736984968185425,0.33990855018236277,0.2968786805797274,0.4035545751434846,0.7204846078651543
santafe,45,0.9,large,30000,lstm,29449,29449,29.18994903564453,29.142457008361816,0.17762423417654083,0.1688740189804332,0.26844171392731214,0.8410027707461913
santafe,46,0.5,small,1000,pyreco_standard,100,1150,49.702399015426636,1.4428460597991943,0.14764096268394133,0.22343956456949687,0.3550020773436377,0.8155941028644267
santafe,46,0.5,small,1000,lstm,872,872,40.159099817276,40.13224792480469,0.05451523103070392,0.08791044046522048,0.20283908914966323,0.9274470317161302
santafe,46,0.5,medium,10000,pyreco_standard,300,9450,406.9097340106964,11.860698223114014,0.1622355411603011,0.32170033722689606,0.4337312419388131,0.7344989487003286
santafe,46,0.5,medium,10000,lstm,9772,9772,26.078893184661865,26.06696605682373,0.08009261539477305,0.08281203490705259,0.22028614788752784,0.9316547737636337
santafe,46,0.5,large,30000,pyreco_standard,500,25750,1081.5868492126465,31.004304885864258,0.1650793117758772,0.3181055368726125,0.4344146967792725,0.7374657571329899
santafe,46,0.5,large,30000,lstm,29449,29449,32.188632011413574,32.14841318130493,0.06635975121922427,0.09485230100822103,0.2017706450493534,0.9217178761671186
santafe,46,0.7,small,1000,pyreco_standard,100,1150,72.64869403839111,2.1170239448547363,0.16193760853632871,0.21665872902411656,0.3499044715806282,0.8318825957182205
santafe,46,0.7,small,1000,lstm,872,872,38.44790196418762,38.42283892631531,0.23796618832885896,0.47253100373432727,0.46500409325936526,0.6333372481768953
santafe,46,0.7,medium,10000,pyreco_standard,300,9450,589.5533261299133,16.98558282852173,0.20286534390920194,0.3241920506830635,0.44163477830765585,0.748441586936675
santafe,46,0.7,medium,10000,lstm,9772,9772,38.22860527038574,38.132709980010986,0.06987186129338684,0.08862427593008927,0.19278358224897987,0.9312315580690943
santafe,46,0.7,large,30000,pyreco_standard,500,25750,1534.926847934723,44.48512077331543,0.20361851503631895,0.33052104254521364,0.44533613057235805,0.7435305746346192
santafe,46,0.7,large,30000,lstm,29449,29449,27.27162504196167,27.221076011657715,0.05904983279749937,0.0841686414970849,0.18077014050345203,0.9346889294784033
santafe,46,0.9,small,1000,pyreco_standard,100,1150,94.29909777641296,2.761178970336914,0.2289576437563926,0.18597309236775816,0.31328775559462874,0.8249037561801483
santafe,46,0.9,small,1000,lstm,872,872,66.34752702713013,66.32038116455078,0.06440520236574561,0.05428608730658871,0.14799633493044945,0.9488888964632385
santafe,46,0.9,medium,10000,pyreco_standard,300,9450,752.47110414505,22.41339898109436,0.3325624655486995,0.3044873116855017,0.4108985713296724,0.71332097623291
santafe,46,0.9,medium,10000,lstm,9772,9772,21.13472819328308,21.095288038253784,0.13830180388695879,0.12532321263885218,0.24133523651708727,0.8820064584767645
santafe,46,0.9,large,30000,pyreco_standard,500,25750,1995.7783880233765,57.904762983322144,0.3393751036016597,0.28378369137349785,0.39524944428628517,0.7328137216830723
santafe,46,0.9,large,30000,lstm,29449,29449,22.303627014160156,22.256206035614014,0.17335858463736203,0.1590556669755555,0.26917430007695237,0.850246885228923
